Date;T_max;T_min;Radiation;Precp;irr;c02
2020-01-01;13.014;2.588;8.64064;0;0;420
2020-01-02;12.148;3.821;8.55086;0;0;420
2020-01-03;12.712;2.195;8.968588;0;0;420
2020-01-04;11.229;6.424;4.581236;0;0;420
2020-01-05;12.299;4.612;8.624752;0;0;420
2020-01-06;7.683;4.587;7.401604;0;0;420
2020-01-07;10.506;2.291;9.077476;0;0;420
2020-01-08;11.917;4.787;8.214716;0;0;420
2020-01-09;12.118;2.44;9.074112;0;0;420
2020-01-10;11.361;2.812;8.979804;0;0;420
2020-01-11;13.338;2.545;9.370952;0;0;420
2020-01-12;13.41;7.315;7.946232;0;0;420
2020-01-13;13.516;5.657;8.8496;0;0;420
2020-01-14;13.215;3.47;9.419632;0;0;420
2020-01-15;13.692;3.087;9.730808;0;0;420
2020-01-16;13.221;1.987;9.8458;0;0;420
2020-01-17;11.66;1.524;9.901232;0;0;420
2020-01-18;11.191;4.181;5.226704;13.5;0;420
2020-01-19;12.534;5.35;7.384936;0;0;420
2020-01-20;11.441;7.439;6.02568;0;0;420
2020-01-21;12.995;6.383;9.371728;0;0;420
2020-01-22;13.587;3.661;9.922668;0;0;420
2020-01-23;14.657;3.325;10.340824;0;0;420
2020-01-24;13.816;3.971;9.874552;0;0;420
2020-01-25;14.175;7.44;7.359864;0;0;420
2020-01-26;14.155;6.747;6.433904;0;0;420
2020-01-27;12.761;5.482;9.140444;1.5;0;420
2020-01-28;12.902;8.361;6.725204;10.5;0;420
2020-01-29;13.152;9.741;7.629576;1.5;0;420
2020-01-30;14.081;6.462;10.667792;0;0;420
2020-01-31;12.566;7.823;7.486348;0;0;420
2020-02-01;13.441;7.426;5.748896;0;0;420
2020-02-02;13.983;9.758;5.810036;0;0;420
2020-02-03;13.105;10.048;4.476028;0;0;420
2020-02-04;14.343;6.627;6.242308;12;0;420
2020-02-05;8.749;6.12;9.014724;3;0;420
2020-02-06;8.132;4.327;11.993092;0;0;420
2020-02-07;12.546;1.872;12.488676;0;0;420
2020-02-08;13.676;1.609;12.807904;0;0;420
2020-02-09;13.033;5.475;12.647284;0;0;420
2020-02-10;13.364;6.338;6.565572;7.5;0;420
2020-02-11;14.257;12.073;7.731892;0;0;420
2020-02-12;14.821;8.206;10.988224;0;0;420
2020-02-13;13.946;6.851;10.864572;0;0;420
2020-02-14;13.223;10.098;5.164372;33;0;420
2020-02-15;14.807;6.323;13.637066;0;0;420
2020-02-16;14.471;4.479;14.117346;0;0;420
2020-02-17;13.118;7.028;13.868518;0;0;420
2020-02-18;12.711;6.739;11.893496;0;0;420
2020-02-19;13.122;7.839;8.393358;1.5;0;420
2020-02-20;12.743;4.129;13.966666;0;0;420
2020-02-21;13.152;2.613;14.723062;0;0;420
2020-02-22;13.821;5.725;14.787788;0;0;420
2020-02-23;13.099;3.347;13.69705;0;0;420
2020-02-24;13.543;9.032;10.571056;0;0;420
2020-02-25;12.907;7.664;11.984016;0;0;420
2020-02-26;13.906;7.496;11.55891;10.5;0;420
2020-02-27;12.658;8.552;16.161152;4.5;0;420
2020-02-28;15.176;8.597;11.666212;13.5;0;420
2020-02-29;14.102;4.598;15.658498;0;0;420
2020-03-01;16.079;8.342;14.20413;13.5;0;420
2020-03-02;15.98;10.563;14.248206;4.5;0;420
2020-03-03;13.501;9.513;12.97471034;15;0;420
2020-03-04;13.42;7.577;14.36567123;1.5;0;420
2020-03-05;14.085;5.524;16.90360207;0;0;420
2020-03-06;14.462;7.35;10.48933144;16.5;0;420
2020-03-07;12.278;6.868;8.189707062;6;0;420
2020-03-08;13.004;6.002;13.09908688;1.5;0;420
2020-03-09;12.824;4.012;15.34399344;0;0;420
2020-03-10;15.473;7.312;16.51690244;0;0;420
2020-03-11;15.769;4.404;17.92592694;0;0;420
2020-03-12;16.192;9.593;18.26426794;0;0;420
2020-03-13;15.013;9.57;17.42283494;0;0;420
2020-03-14;16.468;8.176;17.06728194;0;0;420
2020-03-15;15.456;8.077;16.42284594;0;0;420
2020-03-16;17.024;6.589;19.77562894;0;0;420
2020-03-17;17.249;6.425;19.47167344;0;0;420
2020-03-18;17.362;7.405;20.182883;0;0;420
2020-03-19;18.352;7.756;20.32500444;0;0;420
2020-03-20;17.407;8.06;20.31782413;0;0;420
2020-03-21;17.566;8.045;17.033038;0;0;420
2020-03-22;15.745;10.779;10.798412;0;0;420
2020-03-23;10.327;3.491;19.116472;0;0;420
2020-03-24;9.049;2.861;19.796802;0;0;420
2020-03-25;6.006;2.252;4.523864;15;0;420
2020-03-26;12.729;6.904;8.541188;21;0;420
2020-03-27;12.66;8.436;12.850102;4.5;0;420
2020-03-28;14.478;5.79;17.663658;0;0;420
2020-03-29;15.104;8.993;18.027148;0;0;420
2020-03-30;16.53;7.518;16.090648;0;0;420
2020-03-31;16.107;7.331;17.65526;9;0;420
2020-04-01;10.075;4.497;21.18086;9;0;420
2020-04-02;13.241;3.14;23.382108;0;0;420
2020-04-03;15.82;7.117;15.469594;0;0;420
2020-04-04;16.349;6.578;21.543132;0;0;420
2020-04-05;17.188;8.117;16.247656;0;0;420
2020-04-06;18.935;9.986;15.929826;0;0;420
2020-04-07;19.837;8.811;22.783532;0;0;420
2020-04-08;19.083;8.106;24.088782;0;0;420
2020-04-09;18.227;6.458;24.556806;0;0;420
2020-04-10;18.62;8.64;24.291588;0;0;420
2020-04-11;19.788;8.046;24.214956;0;0;420
2020-04-12;19.418;11.747;23.94424;0;0;420
2020-04-13;19.542;9.712;24.064232;0;0;420
2020-04-14;20.474;10.814;19.389134;0;0;420
2020-04-15;15.285;7.611;25.47075;0;0;420
2020-04-16;16.859;6.252;26.130256;0;0;420
2020-04-17;17.91;8.445;25.438644;0;0;420
2020-04-18;19.649;10.457;23.978096;1.5;0;420
2020-04-19;21.939;12.645;21.16388;0;0;420
2020-04-20;19.706;14.615;5.513994;36;0;420
2020-04-21;20.626;14.508;16.315694;3;0;420
2020-04-22;16.163;13.064;5.721876;21;0;420
2020-04-23;16.845;12.368;13.745256;7.5;0;420
2020-04-24;19.249;9.862;25.036062;0;0;420
2020-04-25;17.611;10.591;23.171592;0;0;420
2020-04-26;17.29;8.644;18.82971;0;0;420
2020-04-27;19.105;12.683;25.022424;0;0;420
2020-04-28;17.854;11.105;15.283112;9;0;420
2020-04-29;18.136;12.155;17.97014;4.5;0;420
2020-04-30;18.374;11.799;23.03867;0;0;420
2020-05-01;18.262;11.988;17.92339;0;0;420
2020-05-02;19.536;13.486;16.881;10.5;0;420
2020-05-03;19.55;12.133;21.507724;0;0;420
2020-05-04;20.914;11.446;27.388506;0;0;420
2020-05-05;19.919;13.063;26.537458;0;0;420
2020-05-06;21.532;13.357;23.668794;0;0;420
2020-05-07;20.447;11.929;27.58173;0;0;420
2020-05-08;21.542;10.535;27.44474;0;0;420
2020-05-09;21.426;13.453;27.949912;0;0;420
2020-05-10;22.984;13.55;12.287858;0;0;420
2020-05-11;20.958;13.98;22.586702;0;0;420
2020-05-12;20.627;14.201;23.975184;0;0;420
2020-05-13;27.722;13.208;24.163412;0;0;420
2020-05-14;29.38;19.829;21.104264;0;0;420
2020-05-15;23.579;17.356;21.010876;0;0;420
2020-05-16;33.238;17.441;23.272688;0;0;420
2020-05-17;27.946;18.673;13.754748;0;0;420
2020-05-18;28.883;19.756;19.12896;0;0;420
2020-05-19;21.543;15.733;19.165844;0;0;420
2020-05-20;20.281;15.214;10.45568;25.5;0;420
2020-05-21;22.34;14.522;22.97658;9;0;420
2020-05-22;23.738;13.556;28.340204;0;0;420
2020-05-23;22.936;12.801;27.6715;0;0;420
2020-05-24;22.801;14.476;26.97444;0;0;420
2020-05-25;24.426;16.406;25.75942;0;0;420
2020-05-26;21.973;13.547;27.936736;0;0;420
2020-05-27;21.156;13.853;25.830752;0;0;420
2020-05-28;21.546;11.495;24.389984;0;0;420
2020-05-29;21.234;14.371;23.949104;0;0;420
2020-05-30;19.669;13.003;19.871952;1.5;0;420
2020-05-31;21.477;12.767;24.401756;0;0;420
2020-06-01;21.239;13.175;22.321528;0;0;420
2020-06-02;22.54;12.077;23.927084;0;0;420
2020-06-03;22.11;15.467;26.005028;0;0;420
2020-06-04;23.482;13.258;28.247276;0;0;420
2020-06-05;18.855;15.012;5.294156;52.5;0;420
2020-06-06;22.748;12.875;24.228024;0;0;420
2020-06-07;21.81;15.99;25.5963;0;0;420
2020-06-08;22.916;16.835;22.96076;1.5;0;420
2020-06-09;22.154;16.625;26.876764;0;0;420
2020-06-10;20.325;15.604;23.903828;0;0;420
2020-06-11;19.695;14.364;22.514292;4.5;0;420
2020-06-12;22.62;13.419;28.839164;0;0;420
2020-06-13;24.498;16.985;27.688936;0;0;420
2020-06-14;22.666;17.045;27.527536;0;0;420
2020-06-15;21.911;15.858;21.703316;3;0;420
2020-06-16;22.132;16.003;18.983552;9;0;420
2020-06-17;23.008;16.471;25.31758;0;0;420
2020-06-18;22.849;16.876;27.22202;0;0;420
2020-06-19;24.351;16.681;24.4896;0;0;420
2020-06-20;25.982;17.916;26.900328;0;0;420
2020-06-21;25.484;16.454;25.200364;0;0;420
2020-06-22;25.434;17.934;15.681012;0;0;420
2020-06-23;28.477;19.278;24.4362;0;0;420
2020-06-24;28.029;17.642;27.770216;0;0;420
2020-06-25;27.452;19.562;27.547032;0;0;420
2020-06-26;28.848;19.026;27.324428;0;0;420
2020-06-27;30.026;18.514;28.385468;0;0;420
2020-06-28;30.065;20.51;27.404768;0;0;420
2020-06-29;28.506;21.505;29.150816;0;0;420
2020-06-30;28.534;20.438;28.520768;0;0;420
2020-07-01;29.054;21.94;27.972016;0;0;420
2020-07-02;30.73;21.046;28.008192;0;0;420
2020-07-03;29.521;22.276;27.970228;0;0;420
2020-07-04;27.371;20.904;22.320252;7.5;0;420
2020-07-05;28.879;19.027;25.61708;0;0;420
2020-07-06;29.197;19.725;24.614686;0;0;420
2020-07-07;30.941;21.046;27.113818;0;0;420
2020-07-08;29.929;20.017;28.364608;0;0;420
2020-07-09;29.963;19.601;28.113908;0;0;420
2020-07-10;29.324;20.867;28.027776;0;0;420
2020-07-11;28.845;20.692;25.933176;0;0;420
2020-07-12;30.648;22.288;26.034702;0;0;420
2020-07-13;30.217;21.423;26.24538;0;0;420
2020-07-14;28.584;19.946;26.925132;0;0;420
2020-07-15;26.762;18.615;26.300172;0;0;420
2020-07-16;27.391;20.866;26.758052;0;0;420
2020-07-17;27.388;20.817;24.316428;0;0;420
2020-07-18;28.439;19.725;25.123116;0;0;420
2020-07-19;28.264;19.672;26.839352;0;0;420
2020-07-20;28.933;17.887;27.743646;0;0;420
2020-07-21;31.159;19.698;27.889438;0;0;420
2020-07-22;31.599;19.575;27.835008;0;0;420
2020-07-23;29.953;23.198;26.70259;0;0;420
2020-07-24;29.343;21.415;27.319732;0;0;420
2020-07-25;28.599;19.94;25.32193;0;0;420
2020-07-26;30.201;21.005;27.78981;0;0;420
2020-07-27;32.013;22.379;27.470076;0;0;420
2020-07-28;32.074;23.265;26.827632;0;0;420
2020-07-29;31.917;24.359;26.854424;0;0;420
2020-07-30;32.161;25.156;24.985258;0;0;420
2020-07-31;32.291;25.615;26.045254;0;0;420
2020-08-01;30.872;22.768;24.190538;0;0;420
2020-08-02;31.986;23.3;24.9989;0;0;420
2020-08-03;31.569;22.011;26.481838;0;0;420
2020-08-04;25.24;20.191;16.620772;9;0;420
2020-08-05;23.867;19.266;16.72528;4.5;0;420
2020-08-06;26.221;19.814;17.773188;0;0;420
2020-08-07;26.99;20.878;17.5038;1.5;0;420
2020-08-08;28.08;19.714;17.744194;3;0;420
2020-08-09;30.586;20.697;23.022956;0;0;420
2020-08-10;30.714;21.397;23.368108;1.5;0;420
2020-08-11;30.07;22.668;23.277152;0;0;420
2020-08-12;30.504;22.982;23.787938;0;0;420
2020-08-13;30.01;23.539;24.85907;0;0;420
2020-08-14;30.69;20.963;24.579182;0;0;420
2020-08-15;30.237;22.075;23.82218;0;0;420
2020-08-16;29.659;22.614;24.176014;0;0;420
2020-08-17;30.122;20.802;24.20423;0;0;420
2020-08-18;27.558;22.128;20.47695;0;0;420
2020-08-19;28.588;21.551;22.07578;0;0;420
2020-08-20;30.694;21.282;23.265898;0;0;420
2020-08-21;32.288;21.295;24.322384;0;0;420
2020-08-22;31.258;24.162;23.93311;0;0;420
2020-08-23;29.61;22.457;23.219632;0;0;420
2020-08-24;29.069;21.422;20.808258;0;0;420
2020-08-25;29.945;20.373;20.807904;0;0;420
2020-08-26;29.769;22.459;22.93756;0;0;420
2020-08-27;27.948;20.847;21.575428;0;0;420
2020-08-28;28.793;20.834;22.73927;0;0;420
2020-08-29;32.177;20.933;23.4616;0;0;420
2020-08-30;31.851;23.075;22.803926;0;0;420
2020-08-31;31.946;20.666;19.852956;0;0;420
2020-09-01;25.096;18.681;21.254704;0;0;420
2020-09-02;26.393;17.578;20.167122;0;0;420
2020-09-03;27.232;21.422;18.661782;0;0;420
2020-09-04;29.73;19.829;22.46854;0;0;420
2020-09-05;28.699;18.326;22.889726;0;0;420
2020-09-06;27.327;20.292;21.99318;0;0;420
2020-09-07;29.584;20.988;20.156506;0;0;420
2020-09-08;31.226;22.217;17.524062;0;0;420
2020-09-09;31.58;22.069;20.962888;0;0;420
2020-09-10;30.359;20.869;19.54827;0;0;420
2020-09-11;29.98;21.422;17.26228;0;0;420
2020-09-12;29.498;20.751;17.177424;0;0;420
2020-09-13;31.798;21.717;18.254422;1.5;0;420
2020-09-14;32.288;21.461;18.788214;1.5;0;420
2020-09-15;30.562;21.939;15.750924;1.5;0;420
2020-09-16;29.696;21.572;14.151632;0;0;420
2020-09-17;28.116;21.814;11.603334;1.5;0;420
2020-09-18;29.712;20.128;18.629624;0;0;420
2020-09-19;29.168;20.067;18.995378;0;0;420
2020-09-20;27.217;21.042;18.909648;0;0;420
2020-09-21;25.6;19.322;13.554826;1.5;0;420
2020-09-22;25.508;19.147;15.65809075;4.5;0;420
2020-09-23;23.262;18.333;11.33653757;6;0;420
2020-09-24;24.958;17.313;16.91090575;0;0;420
2020-09-25;24.587;14.93;9.862140189;87;0;420
2020-09-26;17.797;13.584;13.50048987;27;0;420
2020-09-27;19.96;16.314;9.422694438;55.5;0;420
2020-09-28;18.04;14.439;9.568259563;72;0;420
2020-09-29;20.416;14.863;15.7792215;0;0;420
2020-09-30;21.002;15.708;16.92457244;0;0;420
2020-10-01;20.963;16.092;13.67919794;0;0;420
2020-10-02;23.163;14.487;17.12381294;0;0;420
2020-10-03;28.031;18.475;16.15052144;0;0;420
2020-10-04;21.537;15.883;17.3388475;0;0;420
2020-10-05;21.943;15.552;12.35206363;0;0;420
2020-10-06;21.479;15.078;14.60961425;0;0;420
2020-10-07;18.501;14.733;3.747346879;58.5;0;420
2020-10-08;20.835;13.682;15.86880996;0;0;420
2020-10-09;21.569;12.187;16.47006481;0;0;420
2020-10-10;20.022;15.302;15.098488;0;0;420
2020-10-11;19.615;14.52;12.889062;7.5;0;420
2020-10-12;16.847;12.348;7.220838;19.5;0;420
2020-10-13;16.583;11.562;10.69128;3;0;420
2020-10-14;17.984;11.513;8.96829;24;0;420
2020-10-15;18.251;15.117;6.958852;49.5;0;420
2020-10-16;17.296;12.147;12.028316;0;0;420
2020-10-17;16.665;10.573;10.100626;1.5;0;420
2020-10-18;17.635;11.887;11.09884;0;0;420
2020-10-19;19.415;12.774;12.656308;0;0;420
2020-10-20;20.104;9.846;14.30515;0;0;420
2020-10-21;18.776;9.563;14.440568;0;0;420
2020-10-22;18.621;10.611;14.483238;0;0;420
2020-10-23;18.999;8.89;13.685426;0;0;420
2020-10-24;18.842;13.148;5.502184;7.5;0;420
2020-10-25;18.477;13.248;11.009032;3;0;420
2020-10-26;18.342;12.794;9.561312;0;0;420
2020-10-27;16.32;12.244;3.196144;30;0;420
2020-10-28;18.419;10.4;7.880676;0;0;420
2020-10-29;17.802;12.942;12.003712;0;0;420
2020-10-30;19.756;11.838;10.919288;0;0;420
2020-10-31;19.616;10.124;12.399264;0;0;420
2020-11-01;17.939;11.558;9.680876;0;0;420
2020-11-02;17.162;12.591;8.837824;0;0;420
2020-11-03;17.899;10.213;10.330888;0;0;420
2020-11-04;18.574;10.614;10.430512;0;0;420
2020-11-05;19.439;11.722;6.885036;0;0;420
2020-11-06;18.653;13.859;6.90192;0;0;420
2020-11-07;19.061;10.969;10.24536;0;0;420
2020-11-08;19.357;8.938;11.4678;0;0;420
2020-11-09;19.829;10.085;11.538336;0;0;420
2020-11-10;20.724;10.401;11.206708;0;0;420
2020-11-11;19.495;9.513;10.974044;0;0;420
2020-11-12;17.468;12.17;6.8194;0;0;420
2020-11-13;17.36;11.868;7.639348;0;0;420
2020-11-14;18.04;11.76;7.027512;3;0;420
2020-11-15;18.36;12.138;6.992124;0;0;420
2020-11-16;17.586;11.833;5.772724;24;0;420
2020-11-17;15.249;13.628;4.091276;6;0;420
2020-11-18;18.105;12.565;7.795932;0;0;420
2020-11-19;18.023;10.26;9.76302;0;0;420
2020-11-20;16.096;11.87;4.027764;13.5;0;420
2020-11-21;11.639;8.704;4.431884;40.5;0;420
2020-11-22;11.372;7.761;4.5318;0;0;420
2020-11-23;17.88;9.155;7.993376;0;0;420
2020-11-24;15.726;10.007;7.416004;0;0;420
2020-11-25;16.258;9.722;7.231316;0;0;420
2020-11-26;16.876;7.721;9.04282;0;0;420
2020-11-27;16.773;7.551;8.955408;0;0;420
2020-11-28;16.595;8.566;6.376056;6;0;420
2020-11-29;15.881;11.28;4.91752;10.5;0;420
2020-11-30;14.109;8.057;7.000012;0;0;420
2020-12-01;13.903;6.587;5.979124;6;0;420
2020-12-02;14.497;10.804;4.375372;30;0;420
2020-12-03;13.544;9.503;1.66518;46.5;0;420
2020-12-04;13.097;8.586;6.240064;0;0;420
2020-12-05;16.275;11.105;6.965152;0;0;420
2020-12-06;15.313;10.037;1.133044;46.5;0;420
2020-12-07;12.487;7.766;6.516788;24;0;420
2020-12-08;14.063;8.797;3.966044;48;0;420
2020-12-09;11.52;8.039;4.356192;28.5;0;420
2020-12-10;10.924;7.07;4.435456;22.5;0;420
2020-12-11;10.342;7.418;2.968848;21;0;420
2020-12-12;12.728;5.8;6.836396;0;0;420
2020-12-13;12.095;8.058;6.295212;0;0;420
2020-12-14;13.278;7.555;7.978212;0;0;420
2020-12-15;13.54;5.114;7.874516;0;0;420
2020-12-16;13.305;6.042;8.246032;0;0;420
2020-12-17;14.817;4.186;7.878952;0;0;420
2020-12-18;14.537;6.425;6.670664;0;0;420
2020-12-19;14.866;7.552;6.600596;0;0;420
2020-12-20;15.42;8.264;6.255952;0;0;420
2020-12-21;16.242;10.056;7.057104;0;0;420
2020-12-22;14.452;9.278;6.294308;0;0;420
2020-12-23;13.69;7.301;4.608124;0;0;420
2020-12-24;14.302;11.951;4.752136;1.5;0;420
2020-12-25;14.325;10.883;4.443244;15;0;420
2020-12-26;10.61;5.544;1.78756;33;0;420
2020-12-27;9.001;4.549;2.026364;12;0;420
2020-12-28;13.034;8.686;4.883584;27;0;420
2020-12-29;13.928;10.178;6.356784;25.5;0;420
2020-12-30;11.446;7.141;4.225604;60;0;420
2020-12-31;11.446;7.141;4.225604;60;0;420
2021-01-01;11.327;5.106;5.433808;7.5;0;420
2021-01-02;12.18;8.462;4.831052;30;0;420
2021-01-03;9.782;7.183;4.356508;31.5;0;420
2021-01-04;10.163;5.118;6.154972;6;0;420
2021-01-05;10.408;5.693;3.852208;34.5;0;420
2021-01-06;10.787;8.689;3.2063;48;0;420
2021-01-07;12.428;6.451;3.010408;9;0;420
2021-01-08;14.144;8.417;3.44016;10.5;0;420
2021-01-09;9.654;7.35;3.29148;13.5;0;420
2021-01-10;14.963;8.534;3.958888;19.5;0;420
2021-01-11;11.257;7.815;4.39644;0;0;420
2021-01-12;10.232;6.002;5.591604;0;0;420
2021-01-13;11.525;4.364;8.464512;0;0;420
2021-01-14;12.038;2.834;4.027048;1.5;0;420
2021-01-15;8.796;4.32;2.7229;12;0;420
2021-01-16;6.956;2.817;9.234816;0;0;420
2021-01-17;6.373;0.818;3.626576;9;0;420
2021-01-18;8.021;2.746;9.472252;0;0;420
2021-01-19;10.935;1.595;8.93606;0;0;420
2021-01-20;12.151;7.085;5.976784;0;0;420
2021-01-21;14.085;8.155;7.030872;0;0;420
2021-01-22;13.403;10.747;5.263904;21;0;420
2021-01-23;12.045;9.548;5.990708;51;0;420
2021-01-24;11.649;9.693;1.332188;73.5;0;420
2021-01-25;12.088;6.288;6.094172;39;0;420
2021-01-26;10.076;4.72;10.04806;4.5;0;420
2021-01-27;9.866;2.14;11.051684;0;0;420
2021-01-28;11.11;1.745;10.29734;0;0;420
2021-01-29;12.908;8.295;3.151452;13.5;0;420
2021-01-30;14.014;9.828;9.176088;0;0;420
2021-01-31;12.225;9.129;5.561676;57;0;420
2021-02-01;12.774;7.504;5.494948;19.5;0;420
2021-02-02;14.646;9.928;7.159644;6;0;420
2021-02-03;13.176;8.071;8.63168;0;0;420
2021-02-04;14.367;8.492;10.727852;0;0;420
2021-02-05;18.563;9.002;11.74366;0;0;420
2021-02-06;19.633;9.931;12.19352;0;0;420
2021-02-07;17.878;10.63;7.722932;19.5;0;420
2021-02-08;12.937;10.236;8.925388;10.5;0;420
2021-02-09;12.723;11.022;6.2266;67.5;0;420
2021-02-10;14.116;11.204;2.470316;60;0;420
2021-02-11;14.26;8.506;9.352256;4.5;0;420
2021-02-12;11.028;7.439;5.518604;4.5;0;420
2021-02-13;7.393;1.39;1.779608;49.5;0;420
2021-02-14;4.212;-0.263;13.262736;0;0;420
2021-02-15;7.469;1.455;12.579108;0;0;420
2021-02-16;9.067;1.073;14.07174;0;0;420
2021-02-17;10.733;6.747;6.724592;0;0;420
2021-02-18;14.441;3.874;13.086412;0;0;420
2021-02-19;12.745;3.647;12.471932;0;0;420
2021-02-20;13.663;3.718;14.4358;0;0;420
2021-02-21;16.275;4.671;14.677336;0;0;420
2021-02-22;16.32;4.932;14.835276;0;0;420
2021-02-23;17.198;4.565;15.260756;0;0;420
2021-02-24;18.125;6.409;15.771274;0;0;420
2021-02-25;18.215;5.12;15.788196;0;0;420
2021-02-26;17.44;5.727;15.756876;0;0;420
2021-02-27;15.729;6.97;14.327366;0;0;420
2021-02-28;15.23;7.102;15.05808;0;0;420
2021-03-01;15.734;6.038;16.3429;0;0;420
2021-03-02;15.91;5.911;16.68926;0;0;420
2021-03-03;15.547;5.026;17.42924855;0;0;420
2021-03-04;13.421;6.852;17.28762594;0;0;420
2021-03-05;12.845;4.338;12.50302409;0;0;420
2021-03-06;15.774;8.57;14.30498438;0;0;420
2021-03-07;14.536;8.093;11.34626644;1.5;0;420
2021-03-08;15.967;7.397;14.046209;0;0;420
2021-03-09;13.627;8.87;6.01704575;37.5;0;420
2021-03-10;12.995;7.358;12.67254556;13.5;0;420
2021-03-11;13.091;4.041;18.70380269;0;0;420
2021-03-12;13.765;7.948;11.14427538;0;0;420
2021-03-13;13.966;10.069;8.623122625;3;0;420
2021-03-14;12.889;8.687;12.56503506;1.5;0;420
2021-03-15;13.068;7.377;18.85124394;0;0;420
2021-03-16;14.068;3.755;17.86519625;1.5;0;420
2021-03-17;11.803;3.657;18.92100531;0;0;420
2021-03-18;11.203;4.289;14.92888588;0;0;420
2021-03-19;11.778;3.699;13.208928;1.5;0;420
2021-03-20;7.772;4.144;5.764346215;13.5;0;420
2021-03-21;7.751;4.624;7.367008;0;0;420
2021-03-22;11.137;4.59;12.115258;0;0;420
2021-03-23;9.961;4.591;20.216594;0;0;420
2021-03-24;13.112;3.139;14.978406;0;0;420
2021-03-25;15.151;2.428;19.613988;0;0;420
2021-03-26;15.405;5.434;20.95289;0;0;420
2021-03-27;14.329;7.152;16.35691;0;0;420
2021-03-28;17.393;6.596;20.504042;0;0;420
2021-03-29;18.636;8.589;19.73824;0;0;420
2021-03-30;19.98;8.274;21.935346;0;0;420
2021-03-31;19.785;8.65;19.509682;0;0;420
2021-04-01;17.672;7.889;20.799266;0;0;420
2021-04-02;16.603;9.278;20.418996;0;0;420
2021-04-03;16.866;8.649;16.797926;0;0;420
2021-04-04;13.337;7.877;15.619408;0;0;420
2021-04-05;15.287;6.428;23.255618;0;0;420
2021-04-06;15.103;9;16.666584;6;0;420
2021-04-07;11.893;5.451;13.74442;3;0;420
2021-04-08;13.556;5.066;24.007294;0;0;420
2021-04-09;14.99;3.511;24.804938;0;0;420
2021-04-10;15.012;6.107;23.815974;0;0;420
2021-04-11;17.355;7.197;21.739746;0;0;420
2021-04-12;15.714;10.107;11.851582;3;0;420
2021-04-13;13.449;9.987;16.434656;12;0;420
2021-04-14;14.513;8.075;20.449044;0;0;420
2021-04-15;15.303;7.327;20.406526;0;0;420
2021-04-16;11.378;7.334;9.683644;3;0;420
2021-04-17;14.133;8.36;13.087066;0;0;420
2021-04-18;14.297;8.621;17.75954;3;0;420
2021-04-19;12.917;6.429;14.739282;6;0;420
2021-04-20;13.147;6.731;19.425822;4.5;0;420
2021-04-21;16.073;5.645;22.908902;0;0;420
2021-04-22;14.524;10.039;6.485484;16.5;0;420
2021-04-23;18.038;11.642;14.622144;7.5;0;420
2021-04-24;18.315;9.911;18.86727;0;0;420
2021-04-25;18.603;8.637;26.569776;0;0;420
2021-04-26;19.254;9.035;23.6504;0;0;420
2021-04-27;19.408;12.043;23.062804;0;0;420
2021-04-28;18.93;11.232;25.070956;0;0;420
2021-04-29;22.276;11.104;24.755724;0;0;420
2021-04-30;25.037;14.844;25.509408;0;0;420
2021-05-01;22.712;16.591;13.22439;3;0;420
2021-05-02;17.256;11.651;22.751268;0;0;420
2021-05-03;17.98;12.067;18.782148;0;0;420
2021-05-04;19.201;8.78;20.952328;0;0;420
2021-05-05;17.917;12.09;22.35946;0;0;420
2021-05-06;17.737;10.941;24.056938;0;0;420
2021-05-07;18.746;11.467;24.005914;0;0;420
2021-05-08;21.843;11.731;23.372916;0;0;420
2021-05-09;23.757;13.243;27.272612;0;0;420
2021-05-10;24.256;15.192;27.419196;0;0;420
2021-05-11;24.553;14.51;25.949124;0;0;420
2021-05-12;18.741;14.572;22.764712;0;0;420
2021-05-13;18.519;12.509;19.99593;12;0;420
2021-05-14;18.908;10.641;24.133722;9;0;420
2021-05-15;17.518;13.288;18.903924;12;0;420
2021-05-16;18.988;12.844;20.743612;0;0;420
2021-05-17;20.105;13.336;25.1852;0;0;420
2021-05-18;19.304;11.915;24.885508;0;0;420
2021-05-19;18.469;11.918;23.933784;0;0;420
2021-05-20;20.25;11.184;25.955786;1.5;0;420
2021-05-21;20.881;9.676;28.635208;0;0;420
2021-05-22;21.753;11.57;27.138052;0;0;420
2021-05-23;23.446;16.345;24.0875;0;0;420
2021-05-24;28.263;16.993;28.213848;0;0;420
2021-05-25;20.985;15.159;21.677284;0;0;420
2021-05-26;20.387;13.974;27.311772;0;0;420
2021-05-27;20.544;12.155;23.858612;0;0;420
2021-05-28;24.872;11.886;27.8066;0;0;420
2021-05-29;23.987;15.431;25.877956;0;0;420
2021-05-30;22.342;15.678;19.776856;0;0;420
2021-05-31;23.401;15.144;26.624092;0;0;420
2021-06-01;23.704;13.527;28.992908;0;0;420
2021-06-02;24.461;12.986;27.435156;0;0;420
2021-06-03;25.958;14.559;28.556888;0;0;420
2021-06-04;25.892;16.808;26.845172;0;0;420
2021-06-05;24.248;17.981;19.219452;0;0;420
2021-06-06;26.219;18.458;21.633224;0;0;420
2021-06-07;22.855;18.431;19.520336;0;0;420
2021-06-08;24.053;16.536;21.46448;10.5;0;420
2021-06-09;25.212;15.702;21.745208;1.5;0;420
2021-06-10;26.844;15.633;25.339708;3;0;420
2021-06-11;25.621;16.063;25.047208;3;0;420
2021-06-12;26.162;16.677;25.488732;1.5;0;420
2021-06-13;25.442;17.854;26.287276;0;0;420
2021-06-14;26.723;17.374;24.431;0;0;420
2021-06-15;26.704;16.891;29.9445;0;0;420
2021-06-16;26.105;15.623;26.210064;0;0;420
2021-06-17;26.62;17.679;27.616772;0;0;420
2021-06-18;26.607;16.649;25.146092;0;0;420
2021-06-19;27.968;18.712;27.899804;0;0;420
2021-06-20;30.217;18.38;28.217156;0;0;420
2021-06-21;32.224;20.81;25.455528;0;0;420
2021-06-22;33.246;24.334;29.086624;0;0;420
2021-06-23;34.072;22.21;28.897184;0;0;420
2021-06-24;33.907;24.806;19.665144;0;0;420
2021-06-25;30.801;23.631;21.765144;0;0;420
2021-06-26;30.396;23.622;28.446744;0;0;420
2021-06-27;32.023;19.69;29.321936;0;0;420
2021-06-28;34.434;22.28;28.834988;0;0;420
2021-06-29;34.579;22.676;28.323912;0;0;420
2021-06-30;30.588;22.327;28.076328;0;0;420
2021-07-01;27.145;20.848;28.996564;0;0;420
2021-07-02;26.652;20.392;26.464956;0;0;420
2021-07-03;28.408;20.502;24.860408;0;0;420
2021-07-04;29.254;19.674;26.685176;0;0;420
2021-07-05;28.789;21.342;23.36534;0;0;420
2021-07-06;31.2;21.608;28.62023;0;0;420
2021-07-07;32.025;24.151;28.64439;0;0;420
2021-07-08;34.181;22.507;28.47754;0;0;420
2021-07-09;31.276;22.345;26.791908;0;0;420
2021-07-10;28.867;20.96;29.116916;0;0;420
2021-07-11;28.721;21.067;26.572328;0;0;420
2021-07-12;29.741;20.478;28.07476;0;0;420
2021-07-13;32.953;19.841;27.678458;0;0;420
2021-07-14;26.833;20.88;27.642778;0;0;420
2021-07-15;26.017;18.943;26.119664;0;0;420
2021-07-16;25.984;18.962;25.271806;0;0;420
2021-07-17;25.367;18.962;21.88106;1.5;0;420
2021-07-18;26.278;20.141;18.450086;0;0;420
2021-07-19;27.756;19.201;17.804444;3;0;420
2021-07-20;28.85;19.274;21.840796;0;0;420
2021-07-21;31.585;19.567;28.128394;0;0;420
2021-07-22;31.45;20.804;27.36258;0;0;420
2021-07-23;29.539;20.056;24.6353;0;0;420
2021-07-24;30.025;22.357;26.539932;0;0;420
2021-07-25;32.13;20.788;27.1503;0;0;420
2021-07-26;34.231;25.116;25.35839;0;0;420
2021-07-27;33.999;23.424;26.549884;0;0;420
2021-07-28;35.088;24.246;27.47475;0;0;420
2021-07-29;33.801;26.416;27.616536;0;0;420
2021-07-30;33.251;23.641;27.397358;0;0;420
2021-07-31;32.95;22.481;27.343446;0;0;420
2021-08-01;33.237;23.058;26.767676;0;0;420
2021-08-02;29.718;22.004;26.080882;0;0;420
2021-08-03;30.548;20.278;17.591564;0;0;420
2021-08-04;34.236;21.971;25.729242;0;0;420
2021-08-05;27.354;22.288;24.263506;0;0;420
2021-08-06;27.011;21.776;22.618098;0;0;420
2021-08-07;29.912;20.061;25.936252;0;0;420
2021-08-08;32.752;23.897;26.133396;0;0;420
2021-08-09;32.232;22.903;24.955474;0;0;420
2021-08-10;34.162;23.536;26.066828;0;0;420
2021-08-11;35.115;26.16;24.299592;0;0;420
2021-08-12;35.787;24.986;25.860528;0;0;420
2021-08-13;34.419;24.063;25.42363;0;0;420
2021-08-14;35.455;22.757;24.195178;0;0;420
2021-08-15;34.09;22.423;24.72399;0;0;420
2021-08-16;32.049;23.409;24.854308;0;0;420
2021-08-17;30.962;22.512;23.366598;0;0;420
2021-08-18;29.032;21.656;19.689628;0;0;420
2021-08-19;30.143;22.078;19.905366;1.5;0;420
2021-08-20;29.705;22.338;20.808236;0;0;420
2021-08-21;31.194;21.612;23.793464;0;0;420
2021-08-22;30.846;21.102;24.408274;0;0;420
2021-08-23;29.293;21.376;23.772888;0;0;420
2021-08-24;30.485;20.603;23.502886;0;0;420
2021-08-25;28.485;21.507;19.096564;0;0;420
2021-08-26;27.525;20.641;17.410928;7.5;0;420
2021-08-27;26.654;20.837;20.351724;0;0;420
2021-08-28;25.961;20.397;16.449998;3;0;420
2021-08-29;27.097;19.096;21.756504;0;0;420
2021-08-30;27.179;18.679;22.454834;0;0;420
2021-08-31;27.036;19.963;22.735258;0;0;420
2021-09-01;28.316;18.762;20.2674;0;0;420
2021-09-02;28.922;19.434;20.62223;0;0;420
2021-09-03;28.942;19.708;18.649302;0;0;420
2021-09-04;23.584;20.059;7.669324;22.5;0;420
2021-09-05;27.635;18.692;19.399622;4.5;0;420
2021-09-06;28.103;19.518;19.455946;0;0;420
2021-09-07;28.118;19.463;20.102296;0;0;420
2021-09-08;26.939;16.819;18.10859;0;0;420
2021-09-09;26.69;18.577;20.106882;0;0;420
2021-09-10;27.41;16.605;17.969442;0;0;420
2021-09-11;27.099;19.247;13.164052;0;0;420
2021-09-12;28.079;18.068;20.059392;0;0;420
2021-09-13;28.219;17.907;19.129794;0;0;420
2021-09-14;26.727;19.965;18.080924;0;0;420
2021-09-15;26.738;17.474;17.384232;0;0;420
2021-09-16;27.389;18.62;17.55399;0;0;420
2021-09-17;27.074;19.64;13.98544;0;0;420
2021-09-18;28.224;21.105;17.2772;0;0;420
2021-09-19;27.401;20.853;18.339926;0;0;420
2021-09-20;24.555;20.19;15.522252;3;0;420
2021-09-21;25.629;19.736;18.145076;0;0;420
2021-09-22;26.673;17.955;18.69810975;0;0;420
2021-09-23;24.837;17.22;19.5324523;0;0;420
2021-09-24;25.108;13.906;19.38355981;0;0;420
2021-09-25;27.544;15.389;18.88173138;0;0;420
2021-09-26;28.054;19.063;17.84340687;0;0;420
2021-09-27;26.445;20.399;13.19699431;3;0;420
2021-09-28;27.073;19.456;12.77390913;0;0;420
2021-09-29;25.553;19.346;13.13894587;1.5;0;420
2021-09-30;25.451;18.986;14.81902388;4.5;0;420
2021-10-01;26.214;17.963;15.761669;0;0;420
2021-10-02;25.18;16.854;11.89225931;0;0;420
2021-10-03;24.391;17.799;14.65416169;0;0;420
2021-10-04;26.07;15.632;16.942694;0;0;420
2021-10-05;23.536;17.753;6.439831437;10.5;0;420
2021-10-06;21.954;16.464;12.66434263;16.5;0;420
2021-10-07;17.498;14.74;10.03238509;12;0;420
2021-10-08;20.611;13.779;12.53132981;0;0;420
2021-10-09;20.581;15.105;12.04293706;0;0;420
2021-10-10;14.781;11.194;3.5797;27;0;420
2021-10-11;17.13;10.302;10.28047;0;0;420
2021-10-12;18.678;12.991;11.789604;0;0;420
2021-10-13;18.774;12.562;10.666144;0;0;420
2021-10-14;15.379;11.579;13.509434;0;0;420
2021-10-15;15.196;10.825;10.496296;0;0;420
2021-10-16;18.6;10.144;12.405014;0;0;420
2021-10-17;19.893;11.839;11.507088;0;0;420
2021-10-18;20.796;12.481;11.692296;0;0;420
2021-10-19;21.414;12.888;14.087152;0;0;420
2021-10-20;19.371;13.212;12.669928;0;0;420
2021-10-21;17.686;12.799;4.379148;4.5;0;420
2021-10-22;19.28;15.405;4.175144;3;0;420
2021-10-23;22.632;14.085;11.258234;0;0;420
2021-10-24;18.752;14.663;6.872828;7.5;0;420
2021-10-25;18.093;13.747;3.857016;4.5;0;420
2021-10-26;21.031;15.245;7.770952;0;0;420
2021-10-27;20.018;13.6;11.300308;0;0;420
2021-10-28;20.418;11.723;13.281964;0;0;420
2021-10-29;20.158;11.642;11.755576;0;0;420
2021-10-30;20.466;13.115;9.582176;0;0;420
2021-10-31;20.368;11.938;10.77906;0;0;420
2021-11-01;20.173;14.369;7.953964;34.5;0;420
2021-11-02;18.955;15.442;9.905396;4.5;0;420
2021-11-03;18.628;15.376;5.0393;31.5;0;420
2021-11-04;19.169;14.758;6.399344;10.5;0;420
2021-11-05;19.923;15.206;8.0462;0;0;420
2021-11-06;20.217;14.988;3.624816;1.5;0;420
2021-11-07;24.704;16.104;9.717752;0;0;420
2021-11-08;20.801;15.186;6.262804;9;0;420
2021-11-09;21.11;14.314;5.176524;4.5;0;420
2021-11-10;22.73;16.73;8.432472;0;0;420
2021-11-11;21.111;15.852;8.25768;0;0;420
2021-11-12;18.082;15.02;4.601176;3;0;420
2021-11-13;17.829;11.781;7.319628;0;0;420
2021-11-14;17.573;11.495;8.6932;0;0;420
2021-11-15;19.135;11.374;7.744608;12;0;420
2021-11-16;18.212;12.535;9.35548;3;0;420
2021-11-17;20.189;12.335;8.607588;0;0;420
2021-11-18;17.121;12.938;6.447108;0;0;420
2021-11-19;17.306;11.007;8.26412;0;0;420
2021-11-20;18.144;9.769;9.873284;0;0;420
2021-11-21;16.443;10.397;7.03306;0;0;420
2021-11-22;14.904;11.086;3.114188;22.5;0;420
2021-11-23;17.764;9.744;7.254152;0;0;420
2021-11-24;17.25;12.628;7.078708;0;0;420
2021-11-25;16.278;11.618;5.789776;18;0;420
2021-11-26;13.312;10.019;4.025316;96;0;420
2021-11-27;12.892;10.562;1.494148;61.5;0;420
2021-11-28;12.965;8.968;4.575948;61.5;0;420
2021-11-29;8.485;5.474;4.351068;25.5;0;420
2021-11-30;10.368;5.494;8.947128;1.5;0;420
2021-12-01;12.696;7.275;4.01178;4.5;0;420
2021-12-02;14.249;11.242;4.303468;57;0;420
2021-12-03;11.689;10.274;1.306296;48;0;420
2021-12-04;12.184;6.53;8.794004;4.5;0;420
2021-12-05;13.017;8.222;4.276696;66;0;420
2021-12-06;10.516;8.055;3.143588;9;0;420
2021-12-07;10.394;5.176;8.590388;0;0;420
2021-12-08;11.229;3.041;5.345716;24;0;420
2021-12-09;11.933;6.48;3.29324;49.5;0;420
2021-12-10;10.806;6.063;5.760732;18;0;420
2021-12-11;9.769;6.722;4.334544;31.5;0;420
2021-12-12;9.715;7.258;6.05024;0;0;420
2021-12-13;13.23;6.823;7.320436;0;0;420
2021-12-14;12.863;9.724;5.118816;0;0;420
2021-12-15;13.18;8.783;7.062524;0;0;420
2021-12-16;13.214;9.065;5.7044;0;0;420
2021-12-17;12.365;8.088;6.28966;0;0;420
2021-12-18;10.262;7.228;7.644048;0;0;420
2021-12-19;12.527;6.05;7.807372;0;0;420
2021-12-20;12.649;5.239;7.27248;0;0;420
2021-12-21;12.198;4.978;7.433408;0;0;420
2021-12-22;12.631;6.259;7.182732;0;0;420
2021-12-23;11.78;4.896;5.634364;0;0;420
2021-12-24;12.898;8.171;5.239816;0;0;420
2021-12-25;13.373;9.125;5.55812;1.5;0;420
2021-12-26;13.858;11.625;3.09616;70.5;0;420
2021-12-27;14.132;10.113;5.830888;10.5;0;420
2021-12-28;15.326;9.285;6.098028;4.5;0;420
2021-12-29;15.751;9.314;6.7834;0;0;420
2021-12-30;14.868;7.382;7.895876;0;0;420
2021-12-31;14.868;7.382;7.895876;0;0;420
